LANP,Greek,Punjabi,Vietnamese,Cantonese,Mandarin,Arabic
New South Wales,78691,53460,117907,148943,270685,227243
Victoria,107158,104949,118801,82432,221798,91441
Queensland,10475,30873,31370,27437,83607,16171
Australian Capital Territory,2527,5019,5028,4230,14397,3867
Northern Territory,3258,1563,1565,803,2526,427
Tasmania,1126,2556,1467,1536,8129,972
Western Australia,4520,20613,22763,19683,51751,16000
South Australia,21882,20004,21855,10166,32133,11033