State,Cantonese,Mandarin,Vietnamese,Arabic,Hindi,Punjabi,Nepali,Greek,Italian,Spanish,Population
New South Wales,148943,270685,117907,227243,80051,53460,68148,78691,64039,71868,8072163
Victoria,82432,221798,118801,91441,66930,104949,21955,107158,92320,43181,6503491
Queensland,27437,83607,31370,16171,21344,30873,12060,10475,17989,29642,5156138
South Australia,10166,32133,21855,11033,9884,20004,9671,21882,23828,7273,1781516
Australian Capital Territory,4230,14397,5028,3867,4769,5019,5859,2527,2816,4122,454499
Northern Territory,803,2526,1565,427,969,1563,3099,3258,668,748,232605
Tasmania,1536,8129,1467,972,1284,2556,7248,1126,954,1571,557571
Western Australia,19683,51751,22763,16000,11896,20613,5038,4520,25432,12958,2660026